repo,stars
gohugoio/hugo,21517
future-architect/vuls,4860
apex/up,3905
tj/node-prune,3008
gchaincl/httplab,2931
tsuru/tsuru,2601
adtac/commento,2222
goreleaser/goreleaser,2112
knqyf263/pet,1612
hacdias/filemanager,1436
v2tec/watchtower,1411
awslabs/aws-sam-local,1330
tdewolff/minify,1284
apex/gh-polls,1265
alecthomas/chroma,1202
osrg/gobgp,1101
barnybug/cli53,1077
justwatchcom/gopass,1056
linkedin/Burrow,985
serverless/event-gateway,753
gwuhaolin/lightsocks,727
huacnlee/flora-kit,567
rif/spark,487
getantibody/antibody,481
go-task/task,430
t3rm1n4l/megacmd,375
magefile/mage,370
client9/misspell,333
maliceio/malice,322
rykov/paperboy,312
codeskyblue/gosuv,281
codeskyblue/gohttpserver,245
boz/kail,243
bketelsen/captainhook,231
aybabtme/humanlog,229
martensson/nixy,223
schollz/croc,207
wrouesnel/postgres_exporter,204
gwuhaolin/livego,196
getfider/fider,170
bep/s3deploy,151
wendigo/go-bind-plugin,150
ValeLint/vale,142
schollz/pluck,134
corywalker/expreduce,132
jetstack/tarmak,127
dreadl0ck/zeus,121
dave/blast,110
gen0cide/gscript,108
schollz/linkcrawler,105
ncw/stressdisk,104
tsuru/planb,100
stripe/stripe-mock,99
guillaumebreton/gone,98
qvl/ghbackup,98
qvl/sleepto,92
lucapette/fakedata,91
sroberts/cacador,78
kirillrogovoy/pullkee,78
aybabtme/datagen,76
zalando-incubator/zally,73
Oxalide/vsphere-influxdb-go,72
goreleaser/godownloader,70
gulien/orbit,70
daptin/daptin,70
qvl/promplot,65
jonog/redalert,61
greenboxal/dns-heaven,61
skorokithakis/gweet,59
creativesoftwarefdn/weaviate,59
huacnlee/gobackup,56
DheerendraRathor/GoTracer,53
vjeantet/bitfan,53
Shopify/kubeaudit,52
andreas-schroeder/kafka-health-check,48
xwjdsh/manssh,46
wendigo/chrome-protocol-proxy,43
beplus/makeicon,40
phayes/freeport,39
lucapette/deloominator,39
komuW/meli,38
boz/ephemerald,37
adejoux/nmon2influxdb,36
hypnoglow/helm-s3,35
rliebz/tusk,33
bketelsen/gogrep,32
influxdata/ifql,31
tsuru/tsuru-client,31
mesuutt/turengo,30
osteele/gojekyll,30
Leviathan1995/fari-proxy,30
kamilsk/retry,30
cmars/ormesh,28
zupzup/calories,28
31z4/harvest,28
jbarone/ghostToHugo,26
JulienBreux/pody,26
nyaruka/courier,24
openatx/wdaproxy,24
zaquestion/lab,24
qvl/httpsyet,23
ripienaar/rotrep,23
caarlos0/example,22
pr8kerl/f5er,22
genkiroid/cert,22
amir20/sha-miner,22
barnybug/s3,22
thehowl/claws,21
kaihendry/lk,21
xshellinc/iotit,20
qa-dev/jsonwire-grid,19
buildkite/packer-builder-veertu-anka,19
envkey/envkey-source,19
schollz/crawdad,19
celrenheit/sandglass,18
snwfdhmp/duck,18
arke-works/arke,18
martinhoefling/saltbeat,18
bketelsen/ngc,17
caarlos0/fork-cleaner,17
petermbenjamin/s3-fuzzer,17
dunglas/stack2slack,16
Mirantis/k8s-apps,15
monax/hoard,15
sascha-andres/go-logsink,15
kyoh86/scopelint,15
schollz/boltdb-server,15
caarlos0/karmahub,14
gen0cide/laforge,14
itkSource/lorhammer,13
jetstack/vault-unsealer,12
AmadeusITGroup/workflow-controller,12
wrouesnel/prometheus-prefiller,12
CityOfZion/neo-go-sdk,12
sascha-andres/devenv,12
replicatedhq/replicated,12
Southclaws/sampctl,12
nem-toolchain/nem-toolchain,11
zeebe-io/zbc-go,11
miniflux/miniflux2,11
jacobbednarz/go-csp-collector,11
tednaleid/ganda,11
lucapette/tracker,10
hacdias/webdav,10
caarlos0/promfmt,10
skatsuta/athenai,10
mkevac/hmm,10
yarikbratashchuk/slk,10
compose/bach,9
caarlos0/github-vacations,9
n0rad/housecream,9
romainmenke/simple-guetzli,9
caarlos0/org-stats,9
andygrunwald/jitic,9
ovh/ldp-tail,9
moncho/warpwallet,9
aybabtme/godotto,9
uw-labs/strongbox,8
openatx/atx-agent,8
petermbenjamin/orthrus,8
caarlos0/twatcher,8
MYOB-Technology/konfigurator,8
nouney/helm-gcs,7
caarlos0/victorops-notifier,7
lrstanley/links.ml,7
NERDDISCO/VisionLord,7
dairycart/dairycart,7
cirocosta/l7,7
envkey/envkey-fetch,7
zeebe-io/zeebe-operator,7
issmirnov/zap,7
go-jsonfile/jsonfiddle,7
darvid/nessusbeat,7
tleyden/cecil,7
webhookrelay/client,6
chasinglogic/dfm,6
zerok/concourse-piper,6
ihaiker/distributed-gosuv,6
caarlos0/domain_exporter,6
openpixel/rise,6
docker-gantry/gantry,6
rai-project/rai,6
kevingimbel/license,6
joyent/pg_prefaulter,6
sandreas/graft,5
caarlos0/route53-cleaner,5
ewilde/terraform-provider-runscope,5
okzk/env-injector,5
LoliGothick/cbt,5
Tympanix/artoodetoo,5
whats-this/owo.go,5
dotzero/git-profile,5
ifad/clammit,5
leandro-lugaresi/message-cannon,5
bep/twittercard-proxy,5
nyaruka/goflow,5
screwdriver-cd/launcher,5
wayneashleyberry/phpl,5
lexkong/grapehttp,5
rnitame/daily,5
stormforger/cli,4
schollz/urlss,4
ptinsley/fling,4
tsuru/deploy-agent,4
crowdworks/cyqldog,4
cjsaylor/jrnl,4
mch1307/gomotics,4
Jimdo/elb-instance-status,4
ohsawa0515/ec2-vuls-config,4
pyed/rtelegram,4
zph/moresql,4
Nexinto/rancher-icinga,4
osuripple/cheesegull,4
klauern/remy,4
kevingimbel/goserve,3
cockroachdb/vendored,3
diasjorge/roly,3
blacktop/how-ya-doing,3
Praqma/helmsman,3
pagumin/instago,3
FurqanSoftware/bullet,3
coveo/tgf,3
MYOB-Technology/dataform,3
TheTorProject/ooni-sync,3
caarlos0/clone-org,3
caarlos0/shcheck,3
prologic/gopherproxy,3
ethereumproject/janus,3
foomo/gotsrpc,3
praelatus/praelatus,3
afrase/mysqldumpsplit,3
hemtjanst/hemtjanst,3
kishaningithub/randomtext,3
zerok/clocked,3
andygrunwald/perseus,3
circonus-labs/circonus-agent,3
bureaux-a-partager/gh-slack-reminder,3
xreception/go-swagen,3
rai-project/carml,3
ContaAzul/postgresql_exporter,3
caarlos0-graveyard/cepinator,3
asnodgrass/columbus-v1000,3
ellisonleao/fotolog-dl,3
koesie10/acme-dns-certbot-hook,2
ContaAzul/hystrix_exporter,2
shahinam/cloudac-dl,2
zet4/disguard,2
rodkranz/char7,2
phase2/rig,2
deliveroo/paddle,2
shiftky/go-tmsh,2
fsouza/s3-upload-proxy,2
kizkoh/mackerel-plugin-tcpeek,2
martinlindhe/gohash,2
lucianjon/zk-exporter,2
alastairruhm/utfbom-remove,2
but80/smaf825,2
Atrox/cain,2
emir/weekly-share-cli,2
drewsonne/go-gocd,2
peeyushsrj/ui-music-junk-cleaner,2
petermbenjamin/aws-console,2
frozzare/alfred,2
FrontMage/dynamo.cli,2
alphagov/paas-elasticache-broker,2
petermbenjamin/go-open,2
maliceio/engine,2
bureaux-a-partager/lucca-leaves-slack-reminder,2
PeterBooker/wpds,2
KemoKemo/go-kuronandash,2
dwarvesf/glm,2
spiegel-im-spiegel/gpgpdump,2
photoshelf/photoshelf-storage,2
jetstack/vault-helper,2
lrstanley/marill,2
cdrx/faktory_cron,2
jcchavezs/zipkin-agent,2
signalsciences/changelog,2
fresh8/consulship,2
Nexinto/check-rancher,2
remyLemeunier/contactkey,2
ligato/vpp-sample-service,2
exitshell/konnect,2
KemoKemo/gckdir,2
robertgzr/porcelain,2
TylerBrock/saw,2
ingrammicro/concerto,2
thewraven/shrink,2
lrstanley/geoip,2
caarlos0/am-i-working,2
yuuki/binrep,2
andefined/twreport,1
client9/markdown_tools,1
rafaelsales/street-sweeper,1
citizenfx/fx,1
Didstopia/motionerd,1
blp1526/isac,1
peteraba/dblfinder,1
foomo/config-bob,1
ligato/bgp-agent,1
coveo/terraform-provider-quantum,1
paulvollmer/openapi-split,1
gstruct/terraform-provider-dockermachine,1
rif/telegraf-freeswitch,1
testthedocs/henry,1
alexcrownus/vreg,1
astronomerio/astro,1
beplus/makesplash,1
dpastoor/gows,1
zaru/container-builder-local-api,1
esiqveland/replayuploader,1
dnna/terraform-provider-auth0,1
undeadops/herd,1
fdns/dnszeppelin-clickhouse,1
z4ce/s3-restore,1
rodrigodiez/smocha,1
goofansu/wego,1
ReturnPath/protoc-gen-template,1
umovme/dbview,1
tsauter/transmit,1
spiffe/sidecar,1
bketelsen/bjk,1
binhq/gitbin,1
davidderus/christopher,1
caarlos0/version_exporter,1
mdp/delo,1
wrouesnel/pdns_exporter,1
bsep/server,1
domudall/gce-sleep,1
divanvisagie/JSON-translator,1
townewgokgok/slack-status,1
leighmcculloch/tldr,1
sfischer13/datautils,1
screwdriver-cd/sd-step,1
spiffe/aws-resolver,1
vlifesystems/rulehunter,1
fsuhrau/gopretty,1
moonwalker/luna,1
binhq/binbrew,1
frozzare/dokku-prompt,1
kevholditch/terraform-provider-kong,1
MiLk/nmp,1
wrouesnel/tail_exporter,1
Jimdo/github-team-ssh-keys,1
brightbox/terraform-provider-brightbox,1
jeffijoe/total-rename,1
martinhoefling/gosip,1
kevinburke/chroma-markdown,1
mdouchement/composer,1
zcong1993/gist,1
mcordell/storyview,1
rai-project/dockerfile-builder,1
dpastoor/babylon,1
martensson/tpm,1
SSENSE/sqspush,1
sairam/httpsbin,1
128technology/influx-importer,1
schollz/qrcode,1
jvermillard/slackstatus,1
cirocosta/l4,1
Didstopia/symbolizer,0
helmci/mirror-plugin,0
nyodas/isinnexus,0
thewraven/gsplit,0
ewilde/terraform-provider-kibana,0
jamowei/senv,0
adriaandejonge/contentful-hugo,0
Jimdo/github-downloader,0
cu-library/DOAJ2Crossref,0
cassiobotaro/binary-assets,0
stve/scar,0
divanvisagie/reverse-proxy,0
TunedMystic/gops,0
unders/servdir,0
wablerfam/baku,0
stve/tn,0
mattbangert/GoSkeleton,0
giacomocariello/terraform-provider-consulclient,0
sklevenz/goreleaser-test,0
mplx/gosample,0
gofortune/gofortune,0
izzulhaziq/aggregateapi,0
5Sigma/spyder,0
noonien/tcp-proxy,0
jiro4989/md4pt,0
lrstanley/borg,0
Originate/exocom,0
mbialon/hexdec,0
deepthawtz/heath,0
gstruct/terraform-provider-run,0
klauern/terraform-gogs-provider,0
artudis-utils/artudis-orcid-report,0
matthewmueller/giftbox,0
dictybase-playground/gdrive-uploadr,0
geoffreybauduin/iap-dump,0
alphaz-cn/fuckgfw,0
Teamwork/godocgen,0
pocketgophers/pgviewer,0
blblblu/asami,0
hassansin/amqptools,0
divanvisagie/horrid,0
naveego/plugin-sub-mariadb,0
citizenfx/client-downloader,0
antonu17/go-playgroud,0
willyb321/gthsmanage,0
K7MSH/webcam-scraper,0
rdtr/bq-partition-porter,0
marianogappa/simil,0
foomo/foomo-releaser,0
coveo/gotemplate,0
soopsio/go-sshd,0
easauceda/fib,0
divanvisagie/remote-wallpaper,0
kyleburton/randwords,0
coinapp-io/coinapp,0
emersion/do-dyn-domain,0
sascha-andres/tardeploy,0
guyfedwards/gl,0
fsuhrau/gocat,0
philoserf/my_training,0
chapin666/socks5-ss,0
whilei/squirrel,0
hakupoint/test,0
naveego/plugin-pub-mssql,0
zerok/remarked,0
spiegel-im-spiegel/hash,0
vromero/gofortune,0
coopengo/api-load,0
AndreaGhizzoni/zenium,0
kaey/langtools,0
divanvisagie/postl,0
blblblu/leri,0
gstruct/terraform-provider-dockerclient,0
toxinu/diskotek,0
ingest/generate-playback-keys,0
magiconair/release-test,0
dpastoor/cpdf,0
diverdown/toggl2slack,0
kaleocheng/kanna,0
klauern/terraform-gitea-provider,0
wolfeidau/ggprov,0
gincorp/gin,0
lrstanley/nagios-notify-irc,0
wrouesnel/multihttp,0
pikacloud/run-agent,0
hiromisuzuki/tellanch,0
spiegel-im-spiegel/reldemo,0
lrstanley/nagios-check-ircd,0
paulchiu/xinput-toggle,0
KristinaEtc/goreleaser-test,0
maliceio/cli,0
grapswiz/dfs,0
VagabondDataNinjas/gizlinebot,0
dmlam-dev/Hugo,0
sascha-andres/gitbranch,0
abhi18av/saigo,0
anyweez/matchgrab,0
zet4/go-travis-docker-test,0
FenrirUnbound/mplater,0
berfarah/knoch,0
codeskyblue/adbx,0
martinplaner/felix,0
fprieur/stminfo,0
jkusniar/vetbbedit,0
filimonov/chc,0
jiro4989/ivgor,0
vdparikh/go-sftp,0
nakaji-s/hbase-cmd,0
circonus-labs/circonus-logwatch,0
gugahoi/dogwatch,0
sergiusens/hello,0
kyoh86/deject,0
zcong1993/gcommitter,0
divanvisagie/new,0
sanathkr/go-helloworld,0
GaoLiping/goreleaser,0
5Sigma/conduit,0
gstruct/sexecline,0
digivizer/newrelic-smith,0
dmush/sqlpack,0
midorigreen/gtrello,0
CxiaoyuN/filemanager,0
ninnemana/fuz,0
tsuru/globomap-integration,0
kevingimbel/isup,0
z7zmey/codegraph,0
jerson/upao-scraping,0
jacted/test_goreleaser,0
simonswine/aws-nuke,0
mattstratton/bowie,0
zerok/tpl,0
wixb50/pet,0
spiegel-im-spiegel/mklink,0
Versent/kinesis-tail,0
osteele/multiclone,0
Jimdo/wonderland-prom-rulegen,0
jason-riddle/stateless,0
sean-/2017-joyent-hackathon,0
tukangkod/gorelease-example,0
IFTTT/alb-tool,0
goreleaser/example,0
tnoda78/posiserver,0
phrase-yourself/phrased,0
spiegel-im-spiegel/text,0
gnur/golpje,0
Jimdo/autoscaling-file-sd,0
kyoh86/git-vertag,0
MerlinDMC/jsonbeat,0
naveego/plugin-sub-test,0
screwdriver-cd/meta-cli,0
bobvanluijt/RLY08B-controller,0
jetstack/airworthy,0
gost-c/enr,0
aldor007/mort,0
mbialon/ncron,0
gedex/goreleaser-example-app,0
abhi18av/goHabitica,0
gillchristian/todos,0
wrouesnel/reverse_exporter,0
dependencies-io/pullrequest,0
vovkasm/run-with-schedule,0
chenshunlin/filemanager,0
petems/gitgud,0
MathieuDoyon/sqspush,0
devopsdays/devopsdays-cli,0
leitaoxman/backup-lightsocks,0
rentziass/codrops,0
abhi18av/s_a_i_go,0
erikwilliamsa/gcloudps,0
andreiashu/cryptom,0
ynozue/apichecker,0
naveego/plugin-pub-test,0
cloudboss/keights,0
rai-project/rai-keygen,0
sidmusa/hugo,0
tosone/testGoRelease,0
sebastianwebber/hba,0
cedriclam/helm-test,0
screwdriver-cd/log-service,0
amir20/foobar,0
hawky-4s-/octoman,0
domudall/gcu-check,0
kamilsk/egg,0
jiro4989/genidx,0
zaru/kamatakun,0
whyrv/clitemplate,0
wrouesnel/go.powerdns,0
caarlos0/test,0
DanielMSchmidt/flow-watcher,0
tomsquest/bouyguessms,0
denisbrodbeck/sqip,0
provalabs/prova,0
predixapm/cases,0
adrianbrink/tendereum,0
kevingimbel/goreleaser-demo,0
diegofernandes/context-test,0
artpar/gisio,0
mchudgins/playground,0
SpeckiJ/go_seamCarving,0
tbobm/gogit,0
uepoch/go-healthchecker,0
artberri/gitcleaner,0
blp1526/gg,0
LemonSaaS/ghostsocks,0
client9/s3push,0
stathat/cmd,0
clintmod/diskusage,0
sascha-andres/go-snippet,0
Xe/disrelay,0
wrouesnel/makecerts,0
embano1/dontdisturb,0
augustopimenta/dev-dock,0
kevingimbel/fget,0
kogasoftware/dmocks,0
drewsonne/gocd-tf-generate,0
zerok/pyvideosearch,0
circleci/ccidemo,0
tjyang/cmd1,0
itzg/haproxy-gen,0
mbesancon/tomate,0
fprieur/wb2d,0
martinlindhe/tile-tools,0
wrouesnel/callback,0
hamin/godesk,0
dabster2/postgres_exporter,0
wrouesnel/reverseit,0
bep/releaser-test,0
avast/stor-client,0
humio/cli,0
wrouesnel/self-contained-go-project,0
gofmt/go-scaffold,0
arran4/matchStickProblem,0
humio/cli-python,0
giacomocariello/nickelcase,0
alastairruhm/zj-db-cluster,0
