repo,stars
gohugoio/hugo,21557
future-architect/vuls,4869
apex/up,3936
tj/node-prune,3028
gchaincl/httplab,2933
tsuru/tsuru,2608
adtac/commento,2228
goreleaser/goreleaser,2134
travisjeffery/jocko,2031
knqyf263/pet,1615
hacdias/filemanager,1446
v2tec/watchtower,1416
awslabs/aws-sam-local,1372
tdewolff/minify,1287
apex/gh-polls,1265
justwatchcom/gopass,1241
alecthomas/chroma,1205
osrg/gobgp,1105
barnybug/cli53,1078
linkedin/Burrow,991
metrue/fx,849
serverless/event-gateway,754
gwuhaolin/lightsocks,736
huacnlee/flora-kit,567
getantibody/antibody,482
go-task/task,430
cloudnativelabs/kube-router,385
magefile/mage,375
t3rm1n4l/megacmd,375
client9/misspell,335
maliceio/malice,325
rykov/paperboy,313
codeskyblue/gosuv,289
codeskyblue/gohttpserver,256
boz/kail,243
bketelsen/captainhook,231
aybabtme/humanlog,229
martensson/nixy,223
kyoh86/richgo,219
schollz/croc,207
wrouesnel/postgres_exporter,205
gwuhaolin/livego,199
getfider/fider,171
bep/s3deploy,151
wendigo/go-bind-plugin,150
ValeLint/vale,142
schollz/pluck,134
corywalker/expreduce,132
jetstack/tarmak,126
dreadl0ck/zeus,121
howeyc/ledger,119
dave/blast,112
gen0cide/gscript,109
gnormal/gnorm,107
schollz/linkcrawler,105
ncw/stressdisk,104
stripe/stripe-mock,101
tsuru/planb,100
guillaumebreton/gone,98
qvl/ghbackup,98
qvl/sleepto,93
lucapette/fakedata,91
kirillrogovoy/pullkee,78
sroberts/cacador,78
luizbafilho/fusis,77
aybabtme/datagen,76
zalando-incubator/zally,74
Oxalide/vsphere-influxdb-go,72
gulien/orbit,71
goreleaser/godownloader,70
daptin/daptin,70
qvl/promplot,65
jonog/redalert,61
greenboxal/dns-heaven,61
creativesoftwarefdn/weaviate,60
skorokithakis/gweet,59
huacnlee/gobackup,57
Shopify/kubeaudit,53
DheerendraRathor/GoTracer,53
vjeantet/bitfan,53
andreas-schroeder/kafka-health-check,49
xwjdsh/manssh,46
wendigo/chrome-protocol-proxy,43
beplus/makeicon,40
phayes/freeport,39
lucapette/deloominator,39
komuW/meli,38
boz/ephemerald,37
adejoux/nmon2influxdb,36
hypnoglow/helm-s3,35
rliebz/tusk,33
bketelsen/gogrep,33
influxdata/ifql,33
Leviathan1995/fari-proxy,31
tsuru/tsuru-client,31
kamilsk/retry,30
osteele/gojekyll,30
mesuutt/turengo,30
cmars/ormesh,28
zupzup/calories,28
31z4/harvest,28
jbarone/ghostToHugo,27
JulienBreux/pody,26
zaquestion/lab,24
nyaruka/courier,24
openatx/wdaproxy,24
ripienaar/rotrep,23
qvl/httpsyet,23
genkiroid/cert,23
barnybug/s3,22
amir20/sha-miner,22
caarlos0/example,22
thehowl/claws,21
xshellinc/iotit,20
envkey/envkey-source,19
qa-dev/jsonwire-grid,19
schollz/crawdad,19
buildkite/packer-builder-veertu-anka,19
celrenheit/sandglass,18
arke-works/arke,18
snwfdhmp/duck,18
martinhoefling/saltbeat,18
petermbenjamin/s3-fuzzer,17
caarlos0/fork-cleaner,17
bketelsen/ngc,17
dunglas/stack2slack,16
Mirantis/k8s-apps,15
monax/hoard,15
schollz/boltdb-server,15
kyoh86/scopelint,15
sascha-andres/go-logsink,15
gen0cide/laforge,14
caarlos0/karmahub,14
kamilsk/semaphore,14
itkSource/lorhammer,13
syossan27/kirimori,13
miniflux/miniflux2,13
replicatedhq/replicated,12
Southclaws/sampctl,12
CityOfZion/neo-go-sdk,12
sascha-andres/devenv,12
nem-toolchain/nem-toolchain,12
lexkong/grapehttp,12
jetstack/vault-unsealer,12
AmadeusITGroup/workflow-controller,12
wrouesnel/prometheus-prefiller,12
hacdias/webdav,11
zeebe-io/zbc-go,11
tednaleid/ganda,11
wacul/ichigo,11
jacobbednarz/go-csp-collector,11
caarlos0/promfmt,10
lucapette/tracker,10
mkevac/hmm,10
skatsuta/athenai,10
Aptomi/aptomi,10
yarikbratashchuk/slk,10
moncho/warpwallet,9
compose/bach,9
n0rad/housecream,9
caarlos0/github-vacations,9
romainmenke/simple-guetzli,9
ovh/ldp-tail,9
caarlos0/org-stats,9
andygrunwald/jitic,9
aybabtme/godotto,9
openatx/atx-agent,8
petermbenjamin/orthrus,8
lrstanley/links,8
uw-labs/strongbox,8
MYOB-Technology/konfigurator,8
go-jsonfile/jsonfiddle,8
caarlos0/twatcher,8
darvid/nessusbeat,7
dairycart/dairycart,7
egnyte/ax,7
tleyden/cecil,7
NERDDISCO/VisionLord,7
cirocosta/l7,7
issmirnov/zap,7
envkey/envkey-fetch,7
zeebe-io/zeebe-operator,7
nouney/helm-gcs,7
ihaiker/distributed-gosuv,7
rai-project/rai,6
okzk/env-injector,6
joyent/pg_prefaulter,6
chasinglogic/dfm,6
kevingimbel/license,6
cjsaylor/jrnl,6
webhookrelay/client,6
zerok/concourse-piper,6
docker-gantry/gantry,6
openpixel/rise,6
caarlos0/domain_exporter,6
dotzero/git-profile,5
whats-this/owo.go,5
caarlos0/route53-cleaner,5
ewilde/terraform-provider-runscope,5
nyaruka/goflow,5
wayneashleyberry/phpl,5
sandreas/graft,5
leandro-lugaresi/message-cannon,5
rnitame/daily,5
LoliGothick/cbt,5
screwdriver-cd/launcher,5
ifad/clammit,5
Tympanix/artoodetoo,5
bep/twittercard-proxy,5
pyed/rtelegram,4
schollz/urlss,4
zph/moresql,4
mch1307/gomotics,4
osuripple/cheesegull,4
SpencerCDixon/exocortex,4
Nexinto/rancher-icinga,4
klauern/remy,4
cirocosta/sdns,4
mbialon/getrand,4
Jimdo/elb-instance-status,4
ptinsley/fling,4
crowdworks/cyqldog,4
stormforger/cli,4
coveo/tgf,4
jvermillard/slackstatus,4
mixer/wsplice,4
ohsawa0515/ec2-vuls-config,4
diasjorge/roly,3
asnodgrass/columbus-v1000,3
zerok/clocked,3
lrstanley/marill,3
xreception/go-swagen,3
foomo/gotsrpc,3
ContaAzul/postgresql_exporter,3
TheTorProject/ooni-sync,3
hemtjanst/hemtjanst,3
circonus-labs/circonus-agent,3
kishaningithub/randomtext,3
Praqma/helmsman,3
bureaux-a-partager/gh-slack-reminder,3
ethereumproject/janus,3
andygrunwald/perseus,3
praelatus/praelatus,3
afrase/mysqldumpsplit,3
caarlos0-graveyard/cepinator,3
ellisonleao/fotolog-dl,3
caarlos0/shcheck,3
caarlos0/clone-org,3
blacktop/how-ya-doing,3
cockroachdb/vendored,3
rai-project/carml,3
prologic/gopherproxy,3
kevingimbel/goserve,3
kizkoh/mackerel-plugin-nfiptables,3
FurqanSoftware/bullet,3
MYOB-Technology/dataform,3
dwarvesf/glm,2
petermbenjamin/go-open,2
FrontMage/dynamo.cli,2
lrstanley/geoip,2
TylerBrock/saw,2
KemoKemo/gckdir,2
maliceio/engine,2
pusher/cli,2
remyLemeunier/contactkey,2
but80/smaf825,2
KemoKemo/go-kuronandash,2
fresh8/consulship,2
alphagov/paas-elasticache-broker,2
exitshell/konnect,2
petermbenjamin/aws-console,2
cdrx/faktory_cron,2
shiftky/go-tmsh,2
fsouza/s3-upload-proxy,2
zet4/disguard,2
peeyushsrj/ui-music-junk-cleaner,2
ingrammicro/concerto,2
rodkranz/char7,2
koesie10/acme-dns-certbot-hook,2
ContaAzul/newrelic_exporter,2
phase2/rig,2
signalsciences/changelog,2
ContaAzul/hystrix_exporter,2
caarlos0/am-i-working,2
martinlindhe/gohash,2
Nexinto/check-rancher,2
PeterBooker/wpds,2
kizkoh/mackerel-plugin-tcpeek,2
shahinam/cloudac-dl,2
robertgzr/porcelain,2
lucianjon/zk-exporter,2
frozzare/alfred,2
bureaux-a-partager/lucca-leaves-slack-reminder,2
photoshelf/photoshelf-storage,2
drewsonne/go-gocd,2
travisjeffery/mocker,2
deliveroo/paddle,2
Atrox/cain,2
alastairruhm/utfbom-remove,2
jetstack/vault-helper,2
emir/weekly-share-cli,2
yuuki/binrep,2
jcchavezs/zipkin-agent,2
ligato/vpp-sample-service,2
thewraven/shrink,2
undeadops/herd,1
rif/telegraf-freeswitch,1
astronomerio/astro,1
bketelsen/bjk,1
cirocosta/l4,1
paulvollmer/openapi-split,1
mcordell/storyview,1
client9/markdown_tools,1
beplus/makesplash,1
ligato/bgp-agent,1
testthedocs/henry,1
caarlos0/version_exporter,1
z4ce/s3-restore,1
martensson/tpm,1
rai-project/dockerfile-builder,1
alexcrownus/vreg,1
domudall/gce-sleep,1
dpastoor/gows,1
andefined/twreport,1
coveo/terraform-provider-quantum,1
binhq/gitbin,1
rafaelsales/street-sweeper,1
wrouesnel/pdns_exporter,1
kevingimbel/fget,1
ReturnPath/protoc-gen-template,1
dnna/terraform-provider-auth0,1
brightbox/terraform-provider-brightbox,1
wangsongiam/command-count,1
citizenfx/fx,1
davidderus/christopher,1
fdns/dnszeppelin-clickhouse,1
wrouesnel/tail_exporter,1
blp1526/isac,1
mdouchement/composer,1
jbub/pgbouncer_exporter,1
spiffe/sidecar,1
rodrigodiez/smocha,1
divanvisagie/JSON-translator,1
fsuhrau/gopretty,1
128technology/influx-importer,1
screwdriver-cd/sd-step,1
leighmcculloch/tldr,1
moonwalker/luna,1
schollz/qrcode,1
frozzare/dokku-prompt,1
esiqveland/replayuploader,1
MiLk/nmp,1
townewgokgok/slack-status,1
binhq/binbrew,1
Jimdo/github-team-ssh-keys,1
umovme/dbview,1
goofansu/wego,1
kevinburke/chroma-markdown,1
zcong1993/gist,1
av7573/av7573,1
spiffe/aws-resolver,1
blacktop/graboid,1
peteraba/dblfinder,1
vlifesystems/rulehunter,1
dpastoor/babylon,1
jeffijoe/total-rename,1
bsep/server,1
sairam/httpsbin,1
zaru/container-builder-local-api,1
asteris-llc/terraform-provisioner-converge,1
kevholditch/terraform-provider-kong,1
mdp/delo,1
Originate/exocom,1
Didstopia/motionerd,1
drewsonne/terraform-provider-gocd,1
embano1/dontdisturb,1
wrouesnel/self-contained-go-project,1
tsauter/transmit,1
blblblu/leri,0
floriankammermann/vcloud-cli,0
mbialon/hexdec,0
midorigreen/gmd,0
philoserf/my_training,0
gofortune/gofortune,0
matthewmueller/giftbox,0
giacomocariello/terraform-provider-consulclient,0
lrstanley/nagios-notify-irc,0
abhi18av/saigo,0
cu-library/DOAJ2Crossref,0
Jimdo/github-downloader,0
divanvisagie/horrid,0
nyodas/isinnexus,0
KristinaEtc/goreleaser-test,0
unders/servdir,0
willyb321/gthsmanage,0
sklevenz/goreleaser-test,0
mplx/gosample,0
foomo/foomo-releaser,0
coveo/gotemplate,0
5Sigma/spyder,0
easauceda/fib,0
marianogappa/simil,0
noonien/tcp-proxy,0
lrstanley/borg,0
deepthawtz/heath,0
gstruct/terraform-provider-run,0
guyfedwards/gl,0
dictybase-playground/gdrive-uploadr,0
geoffreybauduin/iap-dump,0
Teamwork/godocgen,0
jiro4989/md4pt,0
hakupoint/test,0
naveego/plugin-pub-mssql,0
zerok/remarked,0
hassansin/amqptools,0
naveego/plugin-sub-mariadb,0
citizenfx/client-downloader,0
antonu17/go-playgroud,0
divanvisagie/postl,0
K7MSH/webcam-scraper,0
rdtr/bq-partition-porter,0
soopsio/go-sshd,0
diverdown/toggl2slack,0
kaleocheng/kanna,0
klauern/terraform-gitea-provider,0
gstruct/terraform-provider-dockerclient,0
fsuhrau/gocat,0
ynozue/apichecker,0
chapin666/socks5-ss,0
whilei/squirrel,0
spiegel-im-spiegel/hash,0
toxinu/diskotek,0
casept/yagopherd,0
ingest/generate-playback-keys,0
pikacloud/run-agent,0
hiromisuzuki/tellanch,0
wolfeidau/ggprov,0
paulchiu/xinput-toggle,0
FenrirUnbound/mplater,0
divanvisagie/reverse-proxy,0
cassiobotaro/binary-assets,0
jamowei/senv,0
wangsongiam/go,0
martinplaner/felix,0
filimonov/chc,0
spiegel-im-spiegel/reldemo,0
lrstanley/nagios-check-ircd,0
maliceio/cli,0
grapswiz/dfs,0
VagabondDataNinjas/gizlinebot,0
vdparikh/go-sftp,0
zaru/kamatakun,0
Didstopia/symbolizer,0
anyweez/matchgrab,0
kyoh86/deject,0
5Sigma/conduit,0
berfarah/knoch,0
sanathkr/go-helloworld,0
gstruct/sexecline,0
dmush/sqlpack,0
alastairruhm/zj-db-cluster,0
klauern/terraform-gogs-provider,0
artudis-utils/artudis-orcid-report,0
dsbrng25b/mip,0
midorigreen/gtrello,0
ninnemana/fuz,0
spiegel-im-spiegel/mklink,0
goreleaser/example,0
circonus-labs/circonus-logwatch,0
gugahoi/dogwatch,0
MerlinDMC/jsonbeat,0
screwdriver-cd/meta-cli,0
sergiusens/hello,0
aldor007/mort,0
zcong1993/gcommitter,0
divanvisagie/new,0
mbialon/ncron,0
dependencies-io/pullrequest,0
jerson/upao-scraping,0
jacted/test_goreleaser,0
simonswine/aws-nuke,0
wixb50/pet,0
vovkasm/run-with-schedule,0
zerok/tpl,0
mattstratton/bowie,0
Jimdo/wonderland-prom-rulegen,0
screwdriver-cd/log-service,0
sean-/2017-joyent-hackathon,0
tukangkod/gorelease-example,0
rai-project/rai-keygen,0
tosone/testGoRelease,0
tnoda78/posiserver,0
phrase-yourself/phrased,0
spiegel-im-spiegel/text,0
cedriclam/helm-test,0
zcong1993/pkg-version,0
uepoch/go-healthchecker,0
DheerendraRathor/SimpleWsClient,0
jiro4989/genidx,0
Jimdo/autoscaling-file-sd,0
kyoh86/git-vertag,0
DanielMSchmidt/flow-watcher,0
naveego/plugin-sub-test,0
denisbrodbeck/sqip,0
bobvanluijt/RLY08B-controller,0
jetstack/airworthy,0
provalabs/prova,0
adrianbrink/tendereum,0
spiffe/aws-iid-attestor,0
embano1/go-cicd,0
wablerfam/baku,0
kevingimbel/goreleaser-demo,0
divanvisagie/remote-wallpaper,0
SpeckiJ/go_seamCarving,0
tbobm/gogit,0
artberri/gitcleaner,0
blp1526/gg,0
LemonSaaS/ghostsocks,0
augustopimenta/dev-dock,0
stathat/cmd,0
gedex/goreleaser-example-app,0
abhi18av/goHabitica,0
bep/releaser-test,0
wrouesnel/reverseit,0
Versent/kinesis-tail,0
osteele/multiclone,0
hamin/godesk,0
zerok/pyvideosearch,0
GaoLiping/goreleaser,0
giacomocariello/nickelcase,0
itzg/img-hacker,0
wrouesnel/go.powerdns,0
diegofernandes/context-test,0
predixapm/cases,0
sascha-andres/go-snippet,0
naveego/plugin-pub-test,0
kamilsk/egg,0
andreiashu/cryptom,0
tsuru/globomap-integration,0
zet4/go-travis-docker-test,0
kpurdon/beerwall,0
gost-c/enr,0
gnur/golpje,0
sascha-andres/gitbranch,0
devopsdays/devopsdays-cli,0
dmlam-dev/Hugo,0
gincorp/gin,0
kaey/langtools,0
vromero/gofortune,0
chenshunlin/filemanager,0
mattbangert/GoSkeleton,0
stve/tn,0
TunedMystic/gops,0
sebastianwebber/hba,0
stve/scar,0
ewilde/terraform-provider-kibana,0
helmci/mirror-plugin,0
thewraven/gsplit,0
alphaz-cn/fuckgfw,0
blblblu/asami,0
z7zmey/codegraph,0
erikwilliamsa/gcloudps,0
coinapp-io/coinapp,0
kyleburton/randwords,0
emersion/do-dyn-domain,0
sascha-andres/tardeploy,0
AndreaGhizzoni/zenium,0
tomsquest/bouyguessms,0
caarlos0/test,0
dpastoor/cpdf,0
wrouesnel/multihttp,0
clintmod/diskusage,0
codeskyblue/adbx,0
fprieur/stminfo,0
jkusniar/vetbbedit,0
digivizer/newrelic-smith,0
nakaji-s/hbase-cmd,0
domudall/gcu-check,0
IFTTT/alb-tool,0
amir20/foobar,0
jason-riddle/stateless,0
MathieuDoyon/sqspush,0
gillchristian/todos,0
wrouesnel/reverse_exporter,0
kogasoftware/dmocks,0
Xe/disrelay,0
petems/gitgud,0
mchudgins/playground,0
rentziass/codrops,0
abhi18av/s_a_i_go,0
sidmusa/hugo,0
drewsonne/gocd-tf-generate,0
hawky-4s-/octoman,0
leitaoxman/backup-lightsocks,0
artpar/gisio,0
itzg/haproxy-gen,0
mbesancon/tomate,0
client9/s3push,0
martinlindhe/tile-tools,0
wrouesnel/makecerts,0
circleci/ccidemo,0
tjyang/cmd1,0
fprieur/wb2d,0
whyrv/clitemplate,0
avast/stor-client,0
humio/cli,0
wrouesnel/callback,0
gofmt/go-scaffold,0
arran4/matchStickProblem,0
humio/cli-python,0
dabster2/postgres_exporter,0
mitchgu/asdfland,0
cloudboss/keights,0
